origin_id,anonymous_sample_id,leakage_group_id,subtask,split,canonical_source_hash,canonical_gt_hash,scaffold_hash,split_seed,dataset_version
moledit_00000,mol_edit.substitute_v2.0000,32a9cab8220ac57ced7f62a2937e9c4c910bc9db766b2220a9c92e8cd8fa3f73,substitute,validation,6fa62cb47300a6afa7189ddeacaf10b1551e8183c8655aace1916d8791277f62,2b4516436ca9755c34daa045c9fb9b22abe1ad1468482b1a80e220381c86ca0b,0db1a1368164b27956df9869491d88997561cec91c0c78ad0684740fde76a9f7,8347206628578381721,pilot_v1
moledit_00001,mol_edit.substitute_v2.0001,fe19f6e90bfe00c4de98cf3c2b761583cdb29538e4e11ea9514afc57d65dc656,substitute,train,5293bb2cc5edb3f47a1a75fae19ea5ec0866ef6b5fdab34a01d670eb21aadba5,77c5bf9218e5574fde848f65b52456222b8442af4666ab8f97c341973d8b0743,c74d8282c27d69ce6d89dd64ccdc5d290200b388237e13f92dd608d179a3a459,8347206628578381721,pilot_v1
moledit_00003,mol_edit.add_v2.0003,debba80715b6eb76f6e3034cbccc32532cf10b96737ab137067c59143c93d0e1,add,train,b6ab1db8a5a92640c0a9ad07affee7bc348ba674bb87f70f04421019b5219d89,f12d034ac611f958f7da77b43faf9f0cc8109491a0a30c531003752d2fae8aa0,8f75df10a0a568d74cdb978267318044800de28ca8e9c885497e21e463d1dbb6,8347206628578381721,pilot_v1
moledit_00005,mol_edit.substitute_v2.0005,ba9c45846e0a28c0f43969ba2031903c4f6de2478930777bdae97c178adc30b2,substitute,validation,2e4b1d197b1a80df4c18b5dc9d2c8f1f3c7dbaa03844d0555a55ee9860f3dd98,bf44967a15321d30c33124bda8527a16b45da9309a12a02be79a8f39d5ffdde6,74e1ea59d23ec315283b4e51b23a6bd5f8bb5c87a06e5d533fd135ec4c356eb0,8347206628578381721,pilot_v1
moledit_00009,mol_edit.substitute_v2.0009,3a6b92c963bc682cc31d94f28e71dcd4fffcd15610011b73599e9de9ece49253,substitute,train,12fcc6cb55e8bcc6ef88d5804408059083e391c6c5eafe6e14512f7af251b97b,7c64282375553cb6a77829953356c04e591cfe69303397656cf89604c83eb397,ab7f96608b03e0274ca37e27ea16004382ba5c57c4469b9139f2741f7fe3d92d,8347206628578381721,pilot_v1
moledit_00012,mol_edit.add_v2.0012,cb72e4b7508996dd2b5cedbb33721c276584d19137e04f2a6050e70e2dbf939e,add,validation,04380f79c02d7a4757ccda63c674f39c700afe168c3a88795a1e53f186330f79,c5bb67d55d2d4a554b59cff8b44fe51bdfd2502c4a953cd7e1140f27a8275dd1,4e67de1d2295d99b6b7214dbb5cfef671af61ff8d96e7755f816324201fd3b77,8347206628578381721,pilot_v1
moledit_00013,mol_edit.add_v2.0013,ccfe439fb94eb9802b9250365bd59f8dc9b324d6a8a703c96ad6a6f96d395203,add,train,f8635cc5c067b0497d0c0bf654a6e3dd5eab8e9ceff7875b89194584e04ca97b,5df5a377cd09ce445b1604fb62cd1e926104dd024b7451adf3e6f7d143fa93bf,1c70292cc3d5a471acc23c63731f91bbab997d9bcb8e97fc572a850cac18f4ec,8347206628578381721,pilot_v1
moledit_00015,mol_edit.add_v2.0015,0dc8942d6ca449f434645a3d9de39902c5e52a91f773495029c92afdd2f8c065,add,test,21af4c99a295dc50a80375a6a4012a46ca0c5ee8be9f0707d312e9eb3da0880b,b091cb1bb3ac5dd9f7cf1f84afd831d274a6b88c983b57d3866f2c790fa4212f,d8d6a55619d6ce3ef11baf6baa11d6be05657efa5ebb8b1e90b0a80dd13bdae4,8347206628578381721,pilot_v1
moledit_00016,mol_edit.add_v2.0016,95fa820823899794fe46958aed5dc585ac199546933366b5e5dc2b95ad2c918b,add,validation,8d7577d53ff2e19fd812089428b61524abcf47693ba95048288262e6cb58d6be,dc06f4642e52cce353aeb89197d466dea5079faa040f1ab1a2dcd70d39bf9785,f365e78392e3c23c563394c118a66d5dfa0b90eae4cab3541853ad7ff9ee2a93,8347206628578381721,pilot_v1
moledit_00016,mol_edit.delete_v2.0016,f126b175899caadd0d78217eeb6659450b984d0c603fa3ad3e7eac805e9b1d4a,delete,train,4a22dfe4609966a0045218714f5de09c888ea8cfe2ce8ce759051841c58bae12,0de0b357fb5818d9c7cf2f0e38d91526a50e137220a5cfda33eab95173b5b388,50e8e348def166df3bef4d93b8164d46da445e469d7e2b4672c01c415283bd61,8347206628578381721,pilot_v1
moledit_00022,mol_edit.add_v2.0022,acb06b6912d8a08dd99c44a13f1ff6704f4daac21f419b604939ffc9c33cb534,add,train,3bd09e65c8f30af4cc295a4223e84d8fdcc0c11ded2a43e9cebd9f160da2d22e,73454097fc603d90fb7ae5300f669554f7503d54802ec510c3715656a545a595,c64edab464e185ff0d2a7131146a725b87892bf9594abf5d99aa2238bbe9dfba,8347206628578381721,pilot_v1
moledit_00023,mol_edit.add_v2.0023,0caf018cb3c135f3000a77ea929f6b84bf8ae9419171a0264b5ecb5708fa3b21,add,test,9548a7ba9b053df81b32c2fbb2a8f763353eade95895819cb2db72e613aecad7,8425824317c61006d62e250890c967b5b1633c950f56f2412b6ec2d297c74787,99c89c486b08aaaa8c61d917a779bd56d80e3b41afb1fa8a57c50aeb6676fca4,8347206628578381721,pilot_v1
moledit_00024,mol_edit.delete_v2.0024,3986d2b3594283dbc50b69bf5de42ba8cb7b1cf52911f150bd4fe4166d8b61d5,delete,train,513e142c57bce3ebfa62886a69793648b63372e0687c07711f007852a6148abd,059fac36eec9b13c16710534bedc6ac9108f42c8e8573d367f52a0341b4e2d91,17427050bd899855bcb961920057ed2efade4db665c07ce25b9007370b049553,8347206628578381721,pilot_v1
moledit_00028,mol_edit.delete_v2.0028,4e1a8b967105e4dca32cd9f9764962b8afbcc3dba3f1d58075336e18b3cbe038,delete,validation,ad8ccdb60031a28ea649ef671485b6fd019b8f1170d46b8dcad63af10f444085,1c626ca25b2cb58129528ae2c123c77e5ea0de36b2c7f11c70089f76d1fed4fc,1c641e7d69c14f80e32125b0cc5a13b70e37629618fde16a2412aef72e469cea,8347206628578381721,pilot_v1
moledit_00029,mol_edit.substitute_v2.0029,986511d72f4d770a4f7de60c1c4ace6608778ae5ea2671c2e7d5a7cc52cbe7d4,substitute,validation,b306fb81d56f9d6206ec3f9c0e1574924d95cb2b546dca4f51e5442d90607681,6b9350fa77a17f813067c4a626dfa6efb3b6587723d5d9766d5af8e24f0d5805,0f8f436b05d6cc480b674eeb3f0219751a0cd903d3bd9cf3311451e358c7e9d9,8347206628578381721,pilot_v1
moledit_00032,mol_edit.substitute_v2.0032,1fd8e7781129d5131cea0c0db58c1dc734e36a91abc7e9c6389ab8b9c3b441a8,substitute,validation,8b0461a23bdcfe33f2128fb86e08e107271152fdb7676a3327d733e97bbd7cf6,72573d8c3084e6570b456b319797f93322e33c6bfef4a9dc77e8ba7234560ae2,c0cdacdbc398ebe03a2e73d235be9955881d0ab6d1874bd86e5dc17b9a721996,8347206628578381721,pilot_v1
moledit_00033,mol_edit.delete_v2.0033,47da456c0b966af3980e8de7d5b1b4c4839da6928eae1abe980f7ee2098514b5,delete,train,bbdf582cdc26235d081f1100745d8f211e33cae04f5da40d6886a23cc0a147a5,591964d908e690f94c74ae72e71b94e927085155b59b79d6fc8f61174399a8f5,8b6d5cca5a454c136eb1c78747f264b597b408448e4956f103a2ff69c4553a80,8347206628578381721,pilot_v1
moledit_00035,mol_edit.add_v2.0035,3f5a97abcef17dbfa8ee6044ac786184c9cf4732ebaccf8921d453611f5eaed0,add,train,ca8d291fcb115e35c301bc2c538c70f3d0732ec516b84a0ec194e3d4e73e0cbc,da51b7d899bfb56e66cdab1325c0ebd9d4b492934b8f9fbd4a90b05d7645e55f,8982012adc2438126bcfac35812e610c366ca7e7f962b42c062e9a60c9029f25,8347206628578381721,pilot_v1
moledit_00035,mol_edit.substitute_v2.0035,e6eea161d3d1b74f706e49d14afb21d03e39faf2c0eab1c1db547e79ffb8575b,substitute,validation,552d98cdb1313555707497263d697af1b3e835936e6881d6b15c70df839dcc3e,58e7e4c2f557623295b986a55ad45029eb784ace530cf3881de3d49c0d1a32b7,b686c1748fb79b4649f48f4fbfd024d4612320170e950d8c05553fe7f8fd3362,8347206628578381721,pilot_v1
moledit_00036,mol_edit.delete_v2.0036,427ce278dafd513c8cb585644246c7447511d956647ec82eef1bc93dcaa5614e,delete,train,85b41957ad85c50a000c0284b68ae126df4900921e3bb4829e3363be6778365f,bbbbf0035d7befb6d0f123007ca4def14e442a1e55caa84c8dd6abc7a84b949e,bbace94756c6567a6e3e0157b61818e4b2b97f3a7f16f44663a1c2520ba30efb,8347206628578381721,pilot_v1
moledit_00040,mol_edit.add_v2.0040,cc89b39096537a16e9dd2d3f67768c84826319be1bba7c2e76f3e0de17365f23,add,train,a5acbaf46742a15fa49d791e1c44e3fd933cb8af62ab42b18911440d66476aa0,71810d315d82ed0d044a4e259558c596f9f91e8f67d047e6d442b65c46e93aa3,12b31d53d5d4ff15eff4b629a5a5586307d90f03da7e8f134aa214ab914a0b68,8347206628578381721,pilot_v1
moledit_00040,mol_edit.substitute_v2.0040,688a5a990796c0fd368cb9fd86db3c1851b655c45ecf3c91f794939fdccc1b79,substitute,validation,cd077f0d0eebfa2031fab552f2d8f98728f4aa21e86629441a1cc2d1726b99dd,f7b0b0464752825b9dfe430c12a75eba39c2e51fa447b24bad62becb4d916b20,822352578a0bf62c259527f4eda18ead8bdebc0f82b9496732a475531a1b9e05,8347206628578381721,pilot_v1
moledit_00043,mol_edit.substitute_v2.0043,a41f7ee303f58a03e27cc0ce70b0ceb31f96079e1f286689598d3b3b823685c7,substitute,train,93f2c7512bfe59f6752f0caae86dea8d6bb4b81a52caccbe9eadca886a76b321,9538a7bf91692c37bfa78925c5041a4fe88eb539a35662c3448fc1a16ce6a7f4,1b506e0de5462301defcfa8f4026533335f8bcb3a39483f055bc80b3818fcb41,8347206628578381721,pilot_v1
moledit_00044,mol_edit.add_v2.0044,9e0382028e3a8910038aa4c39d76f7988efaf184c81fe144b6decdc5e6ef8ca8,add,train,a01142d4a179cb12d37e52eeea3b1f56a774e6509c890723de732b6c5a0da99e,34d7afe2c9211ff6c47207447a9e01dc270c2ad4d6a1db0621b9825740b021b9,7f2d1e68dabec90a2abfe64ee019d761b067db180c513fcf3faf78246b7a01c6,8347206628578381721,pilot_v1
moledit_00046,mol_edit.delete_v2.0046,067dc71f72b4a8c14e35f3d542277bfbaeb5f4b3a80e7d51442d464881638678,delete,test,dc819aa5f065f31c2e8966037ccb18bf60e2238896f78d3e9a26840ef77acdea,db613983a525577076c553f89a3817c763a87b11a8bab0634b56b6b73040152c,bf22771b65038b1b934350112fcb5b71888ea796c92965b1729d40c19edb98d9,8347206628578381721,pilot_v1
moledit_00047,mol_edit.add_v2.0047,bc12a9e37c6b87fc9dbe97b61f835e447a08a44c83ec1ce0fb9d2b1aa4459723,add,train,703003526a8a666949431d0c387f86db1852b54d0629f1606b44a6b1a68ad873,795d57f192f29ad723a7fd7fb3e4cc7976ee75bd4e00a7e11223230880992d3a,703003526a8a666949431d0c387f86db1852b54d0629f1606b44a6b1a68ad873,8347206628578381721,pilot_v1
moledit_00049,mol_edit.add_v2.0049,85a1786d5b2737765ced73ad59e8729f8538282e1bb77123b75feb0d47e013ea,add,test,326907b4a40731704d190a412df93f8e2d3ea1205fe9d796ffad83c19d15bffb,7cc1443bcf0e4d5865fbd826fa1b04294a8db8eabb7e89b15c2e037430f4a11d,41b26a1d496d03437b250cb2df36b3b61c46464dcac006afa4e208d42fd695f1,8347206628578381721,pilot_v1
moledit_00051,mol_edit.add_v2.0051,ef25c6814e08a178daa1a282af68ca89c3e214d4041559798ffc8606497b2ed9,add,train,77c2c0c01b26f36837ad7a4ffcd4157d467bbaf2b7dcfb30f1c10191a77914eb,7ff9c2390b39094b5a36aef5e26225c4d1f898cdd5960fdb9f8e745978aadf2b,1a403dd37af385b106eab97759bb1ea6dcd7c6c7c7e14d104d87436a642db751,8347206628578381721,pilot_v1
moledit_00052,mol_edit.add_v2.0052,ca4a24b86c8deb397a452705535ad2cdb7b1a3b98679435ac092c18df3c05236,add,train,03fdf37d6d4e6eae5265535782be3be447b33578696ab267f3112d7017e2b62e,ed594da67222da49836e7a834f2bac9f554fd151d892314bea7a628f5e46f7f3,ace9a3e3af531697739be85b5c09f11c54af99b671aaeed218090178891f9529,8347206628578381721,pilot_v1
moledit_00054,mol_edit.substitute_v2.0054,59d4045981d7be9b025f0ecadc9d085531f41bb4c4e6b52a78d1a46c5ddc7e8b,substitute,train,1497066097fa4e943f0825c82326e6c373f5b909033899e08d24445efecaa10f,8e2dc5ada2ef764619520a7ef8fe2597490802954ba2e4e3368b6c9a44f67e96,95650601ca0d950d4ba77cab849b549be34ad56aad7b5315b7b3c13c60b8f949,8347206628578381721,pilot_v1
moledit_00056,mol_edit.delete_v2.0056,f7e23955c36f5c0dd5f5048e627704e2ec716c1059c66651dd76e1edcc963bb3,delete,train,06c2a35c67688a01ee389c2f03340a8a0da470ad06044aca6252607b1919039a,7cd35c9d1b6af30abde64a0039bb5b102fe3c091af774b25d526c7246e214bba,1405e289a724a3a6b2707269beb017c709fcbcaae1c1fb2ffb7dc6b3c6fb82d3,8347206628578381721,pilot_v1
moledit_00057,mol_edit.add_v2.0057,dbeca69c500f573680f508c04246b7d7f91cafc9117e1cd6689eac07e1d92576,add,train,221cb1b640818a171c3333877255c237b9ca0d8c2a43be46a9e9ee6f08c4c04e,e5ac82521743845e0be57c16a04e5ea218ebcd4860694565b219ea2f708f62c9,21dd267778db2f77c0ddff0759062b0bacd7a61a924ae2da546f67d4a0106dca,8347206628578381721,pilot_v1
moledit_00057,mol_edit.substitute_v2.0057,d1fbd3241f0b0d84a22ac7a71384151905d91728a9ae994f89f7d63981cf70f6,substitute,test,1c471ef10507c5b9626e5337f14707727e0b97955c5cfb115f933ea07bb53cbb,c18c5c8164b9362ac5a39379201467b4cfeacafde313d0f94102c6d2721e3baf,bc9b6c5b22e3685631055f3313ce80e1d680ca1774c84d1e952fc74b693727dc,8347206628578381721,pilot_v1
moledit_00058,mol_edit.substitute_v2.0058,695f0b3760836e1bdaf8e7d85fe1a9ae3d4a3cc2661c131f687b391ba0ccf1c1,substitute,train,e74eaafe0ab028422450d103c5bc710d2bf1805bbb0425079b2784dc0bde4da7,da4e80bc27fb3c2d1c6c675dd83b1a9c394b6a5b809e519492eb7ad9a126b90e,761fc3379b9ca22b14c93fc9af50fda69c6461f19bdf0b94ed214eca5554feac,8347206628578381721,pilot_v1
moledit_00063,mol_edit.add_v2.0063,76a4428cba8e2fb6e7b5a25310e426b26cd9ec0c5781f0b15f8d062830052591,add,train,08f0d8e013bbf80a9c72788d163703b9f606a3a37e21cb4b50620a497f050396,3c3236b65b65d59f2491785193a3894ec884010c65190bc9caf535f98f7f5bfa,08f0d8e013bbf80a9c72788d163703b9f606a3a37e21cb4b50620a497f050396,8347206628578381721,pilot_v1
moledit_00064,mol_edit.substitute_v2.0064,307219d47a6ac952d6d67cff28794382fa15ded213c0da47cea7d3b853f6d948,substitute,train,41934196416baaaa7b10e63a6ef7a4968a49fb51a6b86b4443051f59c961993f,309c6358b1dcf40da5959a915d0eb15202f0e60bde91f665f14b64e9fd27b38a,c26c0419e7443a0b96298864c502015f41198cadf65dda573c841b7fb9537433,8347206628578381721,pilot_v1
moledit_00065,mol_edit.substitute_v2.0065,adde34d70af2355c4010e9ceffd88022804f2ce86024c3fc420cd571f7ed6833,substitute,train,77399ff2c12bb0f6461db47915fd3eaff7b7fcfdad7defa00a24d0bfc8662674,ccf039ed6d7988e1d97ee729ecbffd31761555d57b44c58fc1a7ad363c85c395,7b4873bd32650343925be95205824fbe21c4b9569a69cbc0d5c4e1379ab108c8,8347206628578381721,pilot_v1
moledit_00070,mol_edit.delete_v2.0070,94dc944838e5b6e7463fdf328a41e360f1aeada550677535f5b634ee24b45ca5,delete,train,7e3eda18e715b8a13a8bf3e2e6edf326a3a2a3cc00910ce202c47d5ee9add579,209e7daf428f3461c42354a6be928c4e2aeefbfa4fcdb149beba1bf0be759eb5,69ec1f1dffc6d440144f94de88d2f47629c7dc57308b66056424ed7342481163,8347206628578381721,pilot_v1
moledit_00071,mol_edit.add_v2.0071,ce4c077b59022ba16746ddc6ec17a673564c719fcad382a11cc6b36f0936f6c2,add,train,4936b61eb535a6a06a7792db3a094ffd3146d08a7a7375f0cf149ebfba81e53a,a4225d7babe464fce5634261fa20b8d9ffd0581ddc46c4417021aa59685ee10c,4936b61eb535a6a06a7792db3a094ffd3146d08a7a7375f0cf149ebfba81e53a,8347206628578381721,pilot_v1
moledit_00071,mol_edit.delete_v2.0071,7a3c6dd3537bf8335e1626b7464bc4a7283a2a9b1d1c373ce1bf6fad07a40adb,delete,validation,73ee9363f2a5e8092e33cc935853fde7369d3d12dc6f23213d43428dc00709d9,bb680039c17341af6ea0275c4be975bf17ba7d0406a6144c5eca7399fefacee4,ca9b3747d30783d8d5f61c44946eb0cbd28c0f792653ee48ed42bbb1ad30cbc7,8347206628578381721,pilot_v1
moledit_00073,mol_edit.delete_v2.0073,f7b10118dfaaecf4f978b5a6952e45946cd99bf27ccef5e5338e86e92d8c6618,delete,validation,ed289fecc606f99b35a0d83968846f8b4b56e9cce751588e4680af2b291fd658,6e0d08c5d14aee06fe6d73c278666ffc8663bc09a673b75016ee27ae6430315e,ff407df5f8bb0704226fb82bf993f9be89d364e5518a2bfdaaf5382ac2086860,8347206628578381721,pilot_v1
moledit_00078,mol_edit.delete_v2.0078,e1b7c65cae6e9f8f6880022825e68ff800460ff88dfe683b7c253d877dc54ab2,delete,train,c25c4bb3f1fd72da4ed98d53c16359c31edc10bfb45e8b5a8004c61d47a6960d,604fa1eb5da32544d27d471a20c9bd5e858037a097685e3207b03ca2ea5facb0,f7010ab2963045990b947af64342433d372d152e3cafd588f9fa8adc49640b29,8347206628578381721,pilot_v1
moledit_00078,mol_edit.substitute_v2.0078,3a63536aa906bfc0cd1fbdd2268cad3558764994fc3429981cbfbed2e451047e,substitute,train,e726a2d2fa8ff9c20c28c22305c37bb08f49e82bc063103bf597aac079839697,961e5c61664669c17f5e8d024da14f0eeb266f2be5aa37b396a7eb385b50e992,c2cd4ea2de44d251fe90cfe8da4b0e0eba8a45df51a363d12bdfbe2e551a11d2,8347206628578381721,pilot_v1
moledit_00079,mol_edit.add_v2.0079,a706a33773d5b22bc06d7425809acdbc4a864978118f1d2bad0805991126f462,add,train,f45cad02bdc53b6c557d5c2af4aec3e15338cf46852e9fa8316df91bb8c34fc6,8b99e4f640a72be382c4225a70de8ef90c75b7a4af6803f5527068a8d2dbd00b,fb0ff6071e1c83a617ef015636cc82d81190b3be7848b841267464a54c215572,8347206628578381721,pilot_v1
moledit_00080,mol_edit.substitute_v2.0080,cdd8b2fe3dee9810a915eb6893e02d0c3c6fce57c56c26fd75f0ab5c2c7c34a7,substitute,train,339041fa66bf48e972abf9c27672397f15779ddcd0fc921ccaf4df7a092b5be1,b35a171f3afeb70c67eab5846bc3ca80dbcc80d1bde958e3cee717029aa0794a,0c4c783643987ec29070dcf2a82211f80b54d26e98bd426f6217236c09442cb3,8347206628578381721,pilot_v1
moledit_00081,mol_edit.add_v2.0081,09a83bf8619414cfebc2d6269ea6852d399b7eb682915fcb340dd5815b04fb71,add,train,6231eafe1afda545a3335764eec9518fff3617860d1d2802f382a4b9cf88fc40,8df2d78cac88befb503fa3a0ef48e7429d723a1f97de0daf6a7b6561efffaacf,b9a743070c709a50c54c8395c44015beb09d761f7d7b896877eb9fdfc55e78db,8347206628578381721,pilot_v1
moledit_00081,mol_edit.delete_v2.0081,cc4d9cbc123de7030611b3f87d7c95078a50ff7199c7d7fba34521441224e653,delete,train,9e5f84fd57298e52e70166479c47e8aa2c883c9edfc3728455dbd62c77d0046b,33e4b0b04088b5d1d4dc1c0029ba426153aba8781c3c10d33c8f01f3555a86a6,171466a1e1de83c025ba66c7d3e83fcb5e230440efcd27051ba148dc621b4f4b,8347206628578381721,pilot_v1
moledit_00082,mol_edit.substitute_v2.0082,dc56c01346e093e4884d9dcbd7c5262e6ad8bd77a438ddaf2ef6d840b9ffd4fa,substitute,train,97abec8c6a47be4cc9e4cedeb7f4030072e7d4dc90003b3e81574bcaf7bd1d83,c4df1dd382bd242e61e0021c30078d5b7c2e92fc0ec85ac59cd4f0407e439329,c59682c8c5b0e22b9dbbece75cffc47bb7bf11e2768d47ba399ea0600793d72f,8347206628578381721,pilot_v1
moledit_00083,mol_edit.delete_v2.0083,fcc6e74b389d14e4bcf93fd4092c2fc2e5cf008e86f54552d836a859d4c23b76,delete,train,9e965f68aeb5cbd3c584378b05dac7f646b5adac81089078878e3d2c0abcc1ad,067145c1c7ff93a41ad09684cd06d05dd4ad7c5988362533a77cb2126c32b0c2,b3cc66c3bd08047b00397f0c0452bce9c3a57000b90feae77b153c1876eec7dd,8347206628578381721,pilot_v1
moledit_00087,mol_edit.delete_v2.0087,8de21b912f629b04ca3a93ce2483f3d5aeb7d6cdc900adcec5551bc944b3ed9c,delete,train,1a2edbd783048af5d2130a043d403025ad6d56c8e7b3166b85c5637bae312a68,ab71adc7664184414645bacdfa195728af8f3e1b00aec30f62bf568a6f5a12d5,32eae0a60588ff46e067bd21886a7fc89d465d4a8b632bcf60c93e1ccd4c426b,8347206628578381721,pilot_v1
moledit_00091,mol_edit.substitute_v2.0091,8963efba56d2eac3633ce2034d3256fe05a45780de886e1447d94e4f1ab75d6f,substitute,test,99aaafde710175b0f8c68ab64f2769a27da3cae6c38f4ba74b9aa3d1dbba2b9e,6e5b543375000454db0f13f077a36f7970fb6c085a1a1153b518ceebe5e855f0,40ed8e8722c010f54ae60cfdc13ea0f6bb38af1272e75d34ee78e92513f16a6d,8347206628578381721,pilot_v1
moledit_00098,mol_edit.add_v2.0098,5e4977f65800812c45b39efd7aad45d250516a2cfc32f5d6ed7c694f484a1a41,add,train,a943f3da845a4cce4970a4a1eb586190b3ecc9ffb8f6f7afd7605aa1bbe89af9,20c49e7d720cd19d70773509825f3d896416b11223d75a1920ef6326f054c083,2105f866669f7fffaa3c7311a3f784b1e39084073f434c9cb1240330783616c9,8347206628578381721,pilot_v1
moledit_00101,mol_edit.add_v2.0101,479a4f3881c2fc32eb683c6a4fb2f06486064c118bd570a84e2656abaf46c62e,add,train,909cb282cd16967332f858ce4a5510fbd4cbd61b6943c76cd9c01b95dff79f26,4b701b61fee36cc1a1c173c80d89d11897726780e71702fc7a3d190b4cc0e81f,ae0398f4ee513ab62f4df66cbfe440ab5cb66861c81d3bce32f3ec51af57dbe9,8347206628578381721,pilot_v1
moledit_00101,mol_edit.substitute_v2.0101,a4ef18b4b8c0f01ddac5ac66220c5e725f9f2c4827aefaf902c963e21d53a14c,substitute,test,6f0d063cc48fba7172a1e75dbb34d6f99ad6457bcf12be1660aa924f1c256e93,41ca90cf8253ae55ea139e0091d26dffa7bd1bbbce4684b2d8c1867fdc60987c,6dbf10eb56a79d76b06c153a072b584b907e7c4c93b95a9b4fd882bbb8c2aff9,8347206628578381721,pilot_v1
moledit_00107,mol_edit.delete_v2.0107,9f5348d03ce0fa81a14b9f308965fc638ab170915dc0254cfe39877d9c04ef4c,delete,train,dcf41b76f5b31ef34dae568ac658c929d8cc10d645609032955e283c39c9338a,4feeca273afc37abca42a2bbd231b39d6fdf3adf4301693c3987292050f5b2f0,dcf41b76f5b31ef34dae568ac658c929d8cc10d645609032955e283c39c9338a,8347206628578381721,pilot_v1
moledit_00108,mol_edit.delete_v2.0108,ba2f31b40f1ba0f498e0e2b8585ae9bc6a1d56e16ddae894757164142e9ef459,delete,validation,72d733eb2f26347d72ddccb444057a185d87566506a74ae416d2f45e2207718e,006977e41973c57731989cc62412ad7561c5ef1a37dc0ce36c29e623111284a7,24cc3a46d634020d617d22acaa1d1cad6701ed9be7e16d5bc578b10e2bc23ffc,8347206628578381721,pilot_v1
moledit_00110,mol_edit.add_v2.0110,50c4c5bad8c56055138aa92d0c4006e15cc708d09f03032c0bc7dd7ea53f6eaf,add,test,23f30df374f945601a2aa6199597001c8838617045a0678e1225bbdbd7e72623,f9f92888d9db08832866440203941847cee4eb42677f0a6724a5472fcd6eeb0c,60b653d1192ce676f777a46da6f61b1e9c6218d452e809df2d9ba309df066b3a,8347206628578381721,pilot_v1
moledit_00111,mol_edit.add_v2.0111,9dd85278f4b7bc789588b37c49a574bea70f8e0c76b703183d40dc8b95a76ff5,add,test,d807cc174a0838a82cb562bd70b9f3802370b3083b888cdddebd9b8cf8816a2a,649a1888cc8bddf21b646055c9e1dfa8c280ef0afb185bc78bd079548f72160f,d807cc174a0838a82cb562bd70b9f3802370b3083b888cdddebd9b8cf8816a2a,8347206628578381721,pilot_v1
moledit_00112,mol_edit.add_v2.0112,3b69fe924c4117a4fbf3c7bf9259dd6fa99ef931fe24cad3c9c30de24408f2ea,add,validation,1f7b268df2f3301666ef35d0487b79cef3d01a2af4c205218189ea08cb23f440,ce2c13a8f1852a41fa4f826b7634678c1eecde44d1be9f038fc12e3317f94c29,f49ab37b5673c1f404ba480826cba7e9422ff722408aadf76d5d7496e889f935,8347206628578381721,pilot_v1
moledit_00112,mol_edit.delete_v2.0112,7b074350d47750cbd3de882a945a1f4f32a17a3c6b44362a1b0a6b83bdcf44d7,delete,validation,2499d7732f4b5a1853a3847472ac88afc8bbdae840e124c65a9f0096ce6f0cea,b59daf85396821b90aae3da6dd374885f8d8b1ac911ef4b28ae1f2d76fe21fb9,9436a5e3faece61930350b43d91f4c6b2d6f31f6e58b7bd2088e0b03e69b204f,8347206628578381721,pilot_v1
moledit_00114,mol_edit.add_v2.0114,7bae0956c9e22afba7b1511c4d4cad2ec51e339e8af761afedbeaab8f3bbbd2f,add,train,845173d63dda1525f5ed687faf32b04d93a29eb382ec69627f401e5ed16d03c7,3313d676863ca5d3d640f148412f71f595a7324832c51d58821b4cf082accce1,7986bd11aa125bd6ba7a7f6e45ab5c9c375bf6910cd98d917058086fe732b1c7,8347206628578381721,pilot_v1
moledit_00116,mol_edit.add_v2.0116,535016ab8c532a3dffd76f39715172455bf03023050eabd248db7e7c42a860d5,add,validation,4e3b3203b5cc9f6ee582b8c23ec0550a1c47bac22c4a5c1c75b0dc4b2da5f6fd,1ea235a0788032129c3a0d95e112fc0379648e14ed08347aebc598df097b232f,da1d508e3b662cdc93ec7909e36ccc9ad8d53a9cb9cde96d7426d006c6cc5c54,8347206628578381721,pilot_v1
moledit_00117,mol_edit.delete_v2.0117,5935baa3164f1b0d8812b6cbd6c3ea13761be6c8ebfd0314228aed8eaa2d2669,delete,test,9ff3fbc5fa86f25266426caad726b24e1ce399c03d625316092294209f6a47b0,7643a35066952af0e33507d147049755c4e4f57d5808ecdec22e13f18ca639ef,bb786b21c41907f95d6ba65ecd3b2e7335b8ccf0729880481892128986fb41cd,8347206628578381721,pilot_v1
moledit_00119,mol_edit.add_v2.0119,d3facd71d5fff9dc0ee25742cabed0383ded8a6352151c8629236b2a75c8b46f,add,train,b8897ed1ed1737b929c7ebc18301dc7e8b78a3a8964b351d1d4b8937f3d5e546,813c06ec0ed800ea3409801099007404e6d98f2b58ada0a7475ac4ef119da134,23049fc3c9ef49b09e5fca07f3f75545070908feab5fcaa6d18bb91864c3540d,8347206628578381721,pilot_v1
moledit_00122,mol_edit.substitute_v2.0122,5c5d91106e39bcc8b132777804ce20d856bf6f1bbfe1d140434ec296a39c56c2,substitute,train,831987ecb270a36a81662002f1c46d589c62374abfea2cceecfe56ec1177e92d,0e4566cd44efb752f6906f282b74989a29064329887ca8497747165c8cf9a175,2b740d98dbbbaee73aad772996cded82e220d14b76df9b48e3903a75eccce49f,8347206628578381721,pilot_v1
moledit_00123,mol_edit.substitute_v2.0123,b96602fd82948e0a718ab527bd33f93694ea9f6b693363b010561f861febcaab,substitute,train,67266ebb26f6619082e03047ebdacf6dc8f6ba195f3ea7ead7ad5dbab1c456e0,bad1026e859f24baa46ff7fbe6a3d971b29ee66731787a5108a35a1724e38046,cb9fe2c87385ecd5b5188d61bb833d1cf3ea18463621703ff3cc3549424a8994,8347206628578381721,pilot_v1
moledit_00125,mol_edit.add_v2.0125,0c3a287b87e22c6fa13fb6fbd1b67bb6ab8fe4cd2ab00f39f9d5a17638d56d1f,add,train,7aee7ff68f6baa060d2f771d8fbead481ea180bdb5c29b8d4d6ff5b62cbf110e,1d78b20927e65b4548d16f86dd55362e717ef992426a3793af8cb65845f52808,2e135a642838fd310a94f9e2680432071f3973c8462a3a97484e6c431fd42ec4,8347206628578381721,pilot_v1
moledit_00125,mol_edit.delete_v2.0125,6c6c49dd4025f137b212074004447b6e651e62a1bde122a19f4569da0aacb620,delete,train,28877b87d035ccb3b532fe83ee14f59210cb1bc6b84ef3d0e02f682daac0ddb4,2ac6045e016303bbd737e6c970a2dcde7fb7ce4fa8314c055fbe8fc6ef4eaaa7,e4439e46e6136bf49f4083d39fadfe1c8b47e8fc6b8da6053a43f1c6d2ea70fe,8347206628578381721,pilot_v1
moledit_00126,mol_edit.delete_v2.0126,419d979fd9cffea57ec262681169662a4cab53eebb2092d52276a88bf4dd3d00,delete,train,78e261c4c0ae7c37bc14e77fa6116e4b7fe99aa0a50ef84fb4e94a7cb83c820f,c7e8ca2add9f2fd1d429a076c0e7029dd1ec5da7b47f93b84113f092d11365ec,ab791e4a505a925d7b72aedc7f02378c90202a9d9baf65fcc86ec44369319946,8347206628578381721,pilot_v1
moledit_00128,mol_edit.substitute_v2.0128,41b5b84136aa0687675b9a11e91d3b691360e4cdd80248ca17f42ff43d8535c3,substitute,train,8d6690ffea2b128987f271e18f4e91fb5705d6ea7416e514d8441205e7b60955,ecc7afcbcb82eb2eda130da10baafcb3cc8e01859b8a7c2efa0ec4e879aab6af,e4b1bad29faed0fe380bb626247146ea98179ad94e42f0f6101a0e16d791eaf1,8347206628578381721,pilot_v1
moledit_00134,mol_edit.delete_v2.0134,e712847b3ee1a7af444b5cb79cca17ed08c669617be70ebb45c0f816c9ead7cb,delete,validation,6466183543ab5c640d474c8d157eef58a3e981c2b2c10fc5dbfb56bd637f152a,ea5075362a521802370d9b62f570a09a8a51077f6608877bc81e607d7a98970f,67f0e9c099d8773a011dd0ffba3fd53f87a7b79666abb661cd44a62e7c26a59b,8347206628578381721,pilot_v1
moledit_00134,mol_edit.substitute_v2.0134,3461ba89889a12c264beec0151993155069ee75a137bafe4ef5c7593ca36aed3,substitute,train,5b7568f21aa0797b0db5d9015243e102e67616ec076e333fa91059b41ca47658,f6197a5cc8dd551702ef95f73f8df4905e1b4fd79e860958d45c7e5da3a842cd,2c541b8743e317e8077051ff80db065e2fbcf6ea8c4b7d709f0fa3ac2f22c949,8347206628578381721,pilot_v1
moledit_00135,mol_edit.add_v2.0135,2495bfce0c1b5908a8b83df650c8870a03ca32457e5b415ceab4645380d6d2a7,add,validation,90c6ac57433f05034838337a053b7a0ad59f2b4ad8a88bc9c8440c8692a84700,18f6d374cf3843061debee4a936e555d3360b95af82d5918d9b45e4780b65f23,a948a4655bb2308b8e01adaab645b663fa3ae2f40d61b318a77a08ef5f9973f0,8347206628578381721,pilot_v1
moledit_00135,mol_edit.delete_v2.0135,c63533e9b6d7f324cbe04df69163486c07a3ca1d0e7739e65097375af2e91855,delete,test,5c45525a0975af25b7b30fd9af3fa02c8dece930e6d4bb0c4d510da545a59dd2,b11dd9421ff4b16db3261788aa0e54f613f1664a6b096afb7155bf235c3ed7a3,d39a2d870d1759ac555f19cf338e51017b1f3e0ef425027f9a6ee430269b46b0,8347206628578381721,pilot_v1
moledit_00136,mol_edit.delete_v2.0136,23a9dd22da44e9228759c2497ac1f6d4179990c1a5d2ea22f0f7a9b9ac106843,delete,train,79cf1653d857a9756ab7c9032d8f8c04f4fe306a2a7bf83ef0c09bf945cca909,6a4135d9d880c8b933715763f023544d6a0762cf034e0a7fcb5f8abc007801d5,be6e1f22252be4b6416e3606992d9ab3ae109af0a42e782634d2ee83e9ada743,8347206628578381721,pilot_v1
moledit_00136,mol_edit.substitute_v2.0136,3461ba89889a12c264beec0151993155069ee75a137bafe4ef5c7593ca36aed3,substitute,train,5b7568f21aa0797b0db5d9015243e102e67616ec076e333fa91059b41ca47658,8491ff5a3ada2cd273e20696d598344ec6ee18cd79485959f01fefc75d8fa986,2c541b8743e317e8077051ff80db065e2fbcf6ea8c4b7d709f0fa3ac2f22c949,8347206628578381721,pilot_v1
moledit_00137,mol_edit.delete_v2.0137,34ee10d5be2362a799dd2a4f3d3862feeaccd2a54449bd40640d4824646db127,delete,test,4aee24ebee7159d0d9bfaf6c6c0fd88b24f23bd6a269f9599f535d7eeada87cb,6cbadf6d48ba75a9ae0afbe62608be2cb3df47d67b28f8b64b70fb06261f47ba,9563c0300d3982128546e347eaf99ac691f93006d6c6a0e0b116f07d3cf533fc,8347206628578381721,pilot_v1
moledit_00138,mol_edit.delete_v2.0138,97621cdca38196ab3165d5c01139b1c15b8ca6c5d46d99ec3e6d4771bb2afe1f,delete,test,57baa75cc71c4f738a79e02ca1e51a39f12d79dcab44b104cbe89035a6c0756e,2c707c85750f059fe93f589c9d98422cfb06e074ab98dea4ca4da151f76ce384,ccd4085c4ef02b4b350b22660b61bc168a16aaa7c5e612740021eb0b79275368,8347206628578381721,pilot_v1
moledit_00140,mol_edit.add_v2.0140,067dc71f72b4a8c14e35f3d542277bfbaeb5f4b3a80e7d51442d464881638678,add,test,7c350d5f333e98f840c1ee3a9fe920d006d57fdae121a1f1498667f30c6a5015,ed94663cdd2c11ec58f2da7779a019e2a1f5bcc45cd7fb7b045bf52b72f17a4e,bf22771b65038b1b934350112fcb5b71888ea796c92965b1729d40c19edb98d9,8347206628578381721,pilot_v1
moledit_00142,mol_edit.add_v2.0142,7f11cca0b55c09d2ab5f757adb48a8c8b9f76a9ac0c0f166f4630ce8ae19895c,add,test,37491143011606b857ca800df135d7b2298885f8db9955512e406c7c7321e5c6,0f5212726eaac2116d0a7b8bde35bb79ae937a235440d19428ccf22282dd61b4,f892c76efa0bb23d332e0c5fbb63e8b7eca040987d94ad48618cf9cce745627a,8347206628578381721,pilot_v1
moledit_00142,mol_edit.delete_v2.0142,cee48eba775ee21de243d3d33c984cd1df0dd14ae103ad3250aeed25ecd06c83,delete,train,4d83255b3e81fefc52edd273c12404f1501dbe62e116409cc077ab2a9a936c31,72ca6385ad8ff8a6100f3e80d06d313ddbe623123242410b80252e670092a632,9e0dff6e2a18a799a50085217b5663fed6e889a4ac9c66c9f77183da649c1e6d,8347206628578381721,pilot_v1
moledit_00148,mol_edit.add_v2.0148,29b948800e6a66211de832711de4532b6cd79e7d51874a203b0aba66c5941116,add,train,d42654e186000e821a3f0036f45b9f912668cd2c7133b267c48280c893ac92e2,18ed12c168f65d3861f1956364378653c8548899287e6740e6e454f41d654a88,a2f49912cf2f69062b6594148c936c915e827304e34198ae50562869cbb1e5de,8347206628578381721,pilot_v1
moledit_00150,mol_edit.add_v2.0150,9c90f5611140eea28a2c84de53de26cdccde7afb02c616462ce9df5be3d5b06d,add,train,47c59fd45c32993b769637c6b7936b25ad208c113576a2f58958129557e99dad,f8a16d286bef45e7e3c970ef602347428d24d99ee5f29209e9c4068f6d8df788,be17e3e5a15be23aa88641f97327a9f631504ec2ce798f9595f674e5ab4004b3,8347206628578381721,pilot_v1
moledit_00150,mol_edit.substitute_v2.0150,9504a170d940f7e55879843ae394c19a7c413d8d4e94b48475182bbf4a496791,substitute,validation,dac9bc9e5637e573244e29956616e4d8c728d0aaf6cea5af177f0d86f5cbe45c,54aef738fa5b6b18ddcc9e5867191ac480ecbea269b67d9945d7fafd1c761447,661d2950b7df0a7c3430d377c2e1c997d48bc3074bc9cad3f7d00497f90fe567,8347206628578381721,pilot_v1
moledit_00152,mol_edit.substitute_v2.0152,8cfe442f4cddc094b5c60c02ce7631602b8d9b5ae7ebea3400ab91ac888a031a,substitute,train,96b990f3a1c56d98e7ca2232019dfc708041125bc1421567524090cb9e6b73b5,e199ba3d10af0b3059c24af8149b752ed9e5cd2db0b07cd5516f748c66d4f93f,6b867c6dc889bbfd49abf941d2ac8fac6c81b11297c4309ad19b03603e6312ab,8347206628578381721,pilot_v1
moledit_00157,mol_edit.substitute_v2.0157,f38792aaeaffbe7c6e652454c4b9ac80a7cf48e22b07249fe6a68a1aab835ae5,substitute,test,ef99861e8350f0447a902a4e0450a68264fa04dae60076a1a8fd49bbc0221cab,ce32d14f8b0a79ef8fb2b7d841bfd80f39eef2a3a5fa4277900e4f0cba09f755,e36f1433358afb5d6c39bebf1e2829198edf62fa28d5666b1204a14c9d24e082,8347206628578381721,pilot_v1
moledit_00161,mol_edit.delete_v2.0161,c1e351f128a4d0d2c8b8704e98086640e3bbffdd9228f6f4d944a521648add45,delete,train,784e897af1bf79edafa2ba1b42aeb63803ad6c1e4557d9390e17dceb0abcccb3,82818ae04fd409d35f636fd77b58d735bbc6e9c41c57b7f491ba2e4fb76b00ee,e17e027663c2f9f5724b08751ffa0e693f1ef11ef298c4124d07d302c18a22e0,8347206628578381721,pilot_v1
moledit_00165,mol_edit.substitute_v2.0165,b6184214a2898f0d81829bfd3c7173c223b6417b5c55caa4d7c923fd3d55a297,substitute,train,327a77124464861c4d5ab041722d2f547736405a0c20757c47c0c5672f1f4a48,4d79f1324d436e4e12798760904ad7c93c6a8a8833f4ea8c362787cf668d06da,03ce5830e784f656a0215140d4b0fbdf9c790697693ea26281dfe117c901b7ce,8347206628578381721,pilot_v1
moledit_00166,mol_edit.delete_v2.0166,fb04ae1d3e10fc68bf95a36e76fbc0070419b3bcc5062c22933dcd1d2df9e7e7,delete,train,69c5969f9317457cf84757b7ed290658570a7367c1451cdcdad2b2c9aad88d44,f15ee34bf344a362e5ca218fcadba8c816bd4287fd8076c9dd93495e04921f3f,43a5874a7bba8391f0e929da609afbc6227c9c3ad1cc942b7fe3b0bd2aa593e6,8347206628578381721,pilot_v1
moledit_00172,mol_edit.add_v2.0172,983fd55528f9de521748a0b4035003b1987cb5695d13f72b8d885335ce0e911a,add,train,67e812e18a3cbb7a143dc80e847952c8d504fc4a4a571ae1a4d1dbafffd03714,f6d8e20720983f44ce9270183a021c71db126709eed48d7528ab50bdb0a12b87,e3ef953bb15699e3f94006cea3266fca79ee51b494766cdd4f20029b0895997b,8347206628578381721,pilot_v1
moledit_00174,mol_edit.add_v2.0174,1f24b7b7d9693b36d01d511b2f68187e8d99657f6726d33862c8aa89a42caca2,add,train,9367096dd73bae3a969cd37f666db81685a286ca4a7cc375426d21a0729475df,36d37299544daa53daa09b2a892b55b7ea887bf455f78f929e11c8dbd850d2c4,8552946c51370fed58b7ccf46f7264bab3ec37ab4478fae00e349d40735d06d4,8347206628578381721,pilot_v1
moledit_00174,mol_edit.substitute_v2.0174,660cb5fccfe0908faf8e60138c97a3510dc158d77b006393253b021e30c1c539,substitute,train,33c9c786165f7c13f96f5857b53bc24eb1fa6485516fc3aa2d6285960b48d3e7,7a65d7172ae415a1d93b7b0807f4fa4849bbf6854c174181ce29fc014369f8b5,0bdfdc8c257bd12f6fc7577642b63b137b190d15a0fd0f2f46adc84c07749fce,8347206628578381721,pilot_v1
moledit_00176,mol_edit.add_v2.0176,84fa7d1d0457e8c119e7ce47d40a0ff2a1e38c773d0b497c4d429b292abdf1b3,add,train,fe01cc4971a0638908d5882480cbb6676cca8ebf8bfeec6c70561732c7a223d2,d27b8460026fcd922890cf8cd5f838d169cf97d3cb22ca890cc3cf68e4c4b736,156bf305ceffe08abee261b43725e113ea1b722ebba20b0aa3af057a476b88e4,8347206628578381721,pilot_v1
moledit_00181,mol_edit.delete_v2.0181,070ef013c5102bfe3422898a8e1ff9785cf4d78217b6ac46de06a2b882ea80f0,delete,train,15265f3e2d0673d822d3baadf0381f9c577ef7c9e9877b0d3caaab11cc6dd3fa,3b7665c9638e488cc446bea8c7be30d045a4bafdf0ffc63ecb963fed94f4306e,a5015eed68aa05027b43b7b4fa9ab03bfaf91f34758a216a02126d7ee4c60cd1,8347206628578381721,pilot_v1
moledit_00183,mol_edit.add_v2.0183,2d9bf7feba65de9aab6649a6fab4378430f4b2f8ddb141afd40072f0809efcc1,add,train,f2b4f043c81fe9801602d167df0f8b4a3aae18a92fa11d748e8985a18d9b0872,6f4bb1b1346f67b68ba322f4e6c9c187a521208d5dd55cea0c8882ff535b66a7,a67594a08c616ddd1902ccc2d5da911fa24be7f4133946b0f9d06428b082a473,8347206628578381721,pilot_v1
moledit_00185,mol_edit.add_v2.0185,3324c93dc7296f1355bff5872f3d1224e4f97e39824e200ce254432f8c8bf5f9,add,train,97f8066185b6d836cfe15d073f864b63620d933447ab583b3eb671c1ccc5c586,d6fdd09dc39e89354238e9a134a2db56f3253fb41ee384f0dbf27b6eb5c1b4b5,1025abc32289efe68c889635a1fc6c52a71fa0ad293055c658394485fc81a1fa,8347206628578381721,pilot_v1
moledit_00185,mol_edit.delete_v2.0185,78fd92b3dad61c41ea8288cae2852bf4bfa1e934df923c198bcd97de97bc824d,delete,train,c73a6f09b865c8765002d2cbc41298e9d57267b1aad470bd81748c8e403c1846,cbddcf8f5d87a8105d5c957e34e089f3b842cb0dd0661ac346806aafaed885cf,fab065080c8616badb69e954d14ca3102e1667ac7ae1272621c0234596a449bf,8347206628578381721,pilot_v1
moledit_00185,mol_edit.substitute_v2.0185,b6184214a2898f0d81829bfd3c7173c223b6417b5c55caa4d7c923fd3d55a297,substitute,train,395dcdd3bbb1e675a70e0f169bf2839036cf7dff2212c39957f66f5bbc0b05a4,75a202fb023e0eb031e6b939102a5ad1f6d450012602b51bee5e57c72b503ead,03ce5830e784f656a0215140d4b0fbdf9c790697693ea26281dfe117c901b7ce,8347206628578381721,pilot_v1
moledit_00186,mol_edit.delete_v2.0186,78fd92b3dad61c41ea8288cae2852bf4bfa1e934df923c198bcd97de97bc824d,delete,train,c8da3cff846f70f736b21a0c4ff5e06d329f03ee1f30253dde6ec7ff855c0867,d6a3bf164edfff85dabcdc613ec43736963a42a8120672e5786480e949558787,fab065080c8616badb69e954d14ca3102e1667ac7ae1272621c0234596a449bf,8347206628578381721,pilot_v1
moledit_00189,mol_edit.delete_v2.0189,eddcf886bbbac8258ca645dda890ee5bc87245b6f57e034c9456823f26207661,delete,train,cf4745b000e1659b99146c128ddc572132b40226fcdb7d3a95b16d0f43fb485b,35c98748d18a3a9c4af9b846300e809896248f35173d9426e99a8def208a3375,aeb9d8202330c50fc93987ae6d0ec3855271e61b94a72ae8ea459a552a740ac6,8347206628578381721,pilot_v1
moledit_00191,mol_edit.substitute_v2.0191,6d6cdb185ecb4c7ad7e76f3494a82c3804756d74d26a48e385abf2e48b288dd5,substitute,train,01f0827567ea00d5dfd9fc2edce47d6312a02be387bb7bd2ec86fdde7e2c0238,c4d872a7d28bc1e5adfbe0e9bc1f4096bbfe2bad7615296c3c379dbdb61741fc,7030409882f2464aa4a6b217ebbb2c7e986c9a0ceb5e991d908ba0d515b70563,8347206628578381721,pilot_v1
moledit_00193,mol_edit.add_v2.0193,a4ef18b4b8c0f01ddac5ac66220c5e725f9f2c4827aefaf902c963e21d53a14c,add,test,aee5215dee29e2ae8e64fa49e10a5e56050b45a0bead0fdb5f0021f3943f416f,5e02f4d713cf7b7e9807fdb706f337ead14b61f1fcfd7d3701eb9ceae02174cc,e2d148231c4310c989b83935635baa5efa8c97a94a13bbaf8b079484b4546a71,8347206628578381721,pilot_v1
moledit_00194,mol_edit.add_v2.0194,19d47e99ed22a8ecc0f0ad4cfb23111618add68ce8b58308a7c55a007d3c8633,add,train,14fbf4b5f47b8d9180e341f9b51f5c06e10aa09d88e645f6db82fa7279b745d9,5ffb18926c1968e1db563732b2dadac705ef30f379a2f46780d09c310595dcfc,597587a71406f5314d2048a64ed61a78099a56cc71cc4f3f55015f7d20819bfc,8347206628578381721,pilot_v1
moledit_00194,mol_edit.delete_v2.0194,b3e3038374b6d52be527b9cbc8038c94be07f2b67598b52ee45d37275a6008b7,delete,validation,9ce81954146b7a58af38e1686b90327a25d43244bb0453853af356d6e8f4faee,067e573ea469495d5773964789bf204b4e45e7ff4d43b727e356f700b1f4f28d,da9d362cd4f1a4a8efb6f4d89014ccae39f067448234ce54f82f031d199e044b,8347206628578381721,pilot_v1
moledit_00195,mol_edit.substitute_v2.0195,8f3d785e5ae3d1971bcb914b6a8423599b1ae96ddc048c374cd69d48e6b513dd,substitute,train,670d877d39b6d8193aff331a75277e3ff5b63a7f28dfbef13b313ed1e8611e22,3186027622c7c41a7050faa531243f1d6ea9e0974cda65688fbdb44c57a64fa7,e605e9f35623387dadb53389336f11c88feccb6c7c06508c32b4e37fe2d54bae,8347206628578381721,pilot_v1
moledit_00197,mol_edit.substitute_v2.0197,e07316e275aa37fd15af0811b2708d52b799a86c64cc508c489ee5e592d1de76,substitute,train,eef67fcc1cd56ff3c84c7905e3dd5058a3566e74044417185338ce62bf98e3c6,1e2e3ac41d8c117bed01c503e4e67989836e842a1fa405a75f0a7cea2e5cd537,3a2ed0236d3147cb97cc17e253b0c0f8058c45280702700d30c8a64d9d3bfaef,8347206628578381721,pilot_v1
moledit_00202,mol_edit.delete_v2.0202,c7fa3e8e320cfa341d0981a8a0439e868121ebd5d6c4c2941ba9d3698abcd6c1,delete,train,56fa639638b6bd8aed381daa0068819263f5dbb98665bfb612901eaff7d83c3c,3324f165c162e8d6ced67ceeedad3583121945cf8b4e691ac8f9e8b02d2c5893,ddb37be5f94a77a0014da165e977dc63714b7dc7f323b268adcb60a0fc8766ce,8347206628578381721,pilot_v1
moledit_00204,mol_edit.delete_v2.0204,8b61c6a7409512f3bdd10e7f837cc068a29e832e4ca883ef888e99860b890db0,delete,train,a8e830c40070bb8766b1193ec8870c546985d292f0c0a82324318da2c6837fef,58c47787940e2292474cb22f5e8752a30a8f09a9d74e5daaf25de0fbe3e9a078,94a40c1cdd9b781d2a5dca83a66be2d634ad1413d72bdf1f6a1cf00b55e38a0a,8347206628578381721,pilot_v1
moledit_00205,mol_edit.delete_v2.0205,7e077599fe65cb0d0f3d4c940d74f4e683e3c777e9c4e941f61db722687dd492,delete,test,8ef436df9074be807d42a3a83601bd22bd784ec25e58ef5d84d8eb53178fd4f6,728b61317116c0b290243345beb60a992a49d508a430464abfb7abd536e2b442,7b7dfeb533f6d21d75236c507450220cfc7baf3e54aebb73f226b3b46fdb63f4,8347206628578381721,pilot_v1
moledit_00214,mol_edit.add_v2.0214,58f8e9bae878641546c8da3e08c8a8798c7f2a8a2f76c4c0c6dfb94d9ec758fc,add,train,0b2c6d8898a52e7a2b2f0272cd83fbdb71d9488f42f00041013524f13f36ac6d,43458e041747f4d8503f87d2b429fe0cc63062b7d360a6eccbe29c78a24fc964,ce2d966dbe8cdeb98ae278a0fef074c2722c5aa840ad3bda3daf6fe3bb745faf,8347206628578381721,pilot_v1
moledit_00216,mol_edit.add_v2.0216,2c829a2ed31de58f1821a30e3d4b9b1bcd0fcde8e71fe0cf820a5fa31faba210,add,validation,47883bd2f8ba4657cfb228bde18ac263ba2078dbbe5ea6ca983fe7baf581363c,28438cad43078bd03c6a90fa09150b3be1c78217392ca0d4f0de9927b7f68122,7aedd27044554f571d44ed5855cc0cecb8c5f6eeb0dacf4ea08433fc60caa6c4,8347206628578381721,pilot_v1
moledit_00216,mol_edit.substitute_v2.0216,2424418ed24b3c4a731c35b4a517ff372e2930837bbb2075b33ea688cf89e0df,substitute,test,1c46e5305b8417eb701660552187aa5b9a27e69cfc4f24cd32daeda247fa5d49,f7383271180eeea6ffd091c4b8cd1229e7af5d14abc891dc49c838748a35e07e,a9642706f99acbd6afc203c7a88eb85df1a440bd6d83ed6589cec00a30e6750f,8347206628578381721,pilot_v1
moledit_00219,mol_edit.delete_v2.0219,f5d0f31c660f5c6cdf29748ecc711c5c5bd440b2ea304105dd2c60ab6d8b335c,delete,test,dd89d8c9eed7a17e65041e18a3faff969437dc2b60783afd6dc4beab60d27f21,393a99ebaa1be486b43648a59e30e67d0400347aeeab547d424224446184079a,83481a6920e1776164ef8503ece90247cf5566a791190f2289bad6822a04c984,8347206628578381721,pilot_v1
moledit_00222,mol_edit.substitute_v2.0222,57349ac1cb21a062b4dce9a3157ed9517433b1e2dc3bf73675f0a58d2421544f,substitute,train,aa0e54c8b3305b6e12f036ed2ad84d3e7c10bb87ecc5cc525443f55db0bdf5f6,ce6efad22b72efa46809d520f1e07fa7ff1494baa8ea20e5eaf65049bf81ce2a,39e5064d583a98cd8746a2af704d0e293d665f85e96b28d2e0a9957a8e716be4,8347206628578381721,pilot_v1
moledit_00229,mol_edit.add_v2.0229,40db62a5a8bbc72a1845870ff9562de73a7b11cfdb00c164fdf38fd5982761f9,add,train,1b87cf5bae6170ef54c506ffe6633c9d1c853e169cdc08c73ee3e6b55e1f35d7,c92485c8a6ca78d50c8b2823b5819ec42fc48f1288d8590827bd5d2dcf337e37,f0a78162a13479902281f9a25f26c8a0815f07860a77a2ff498b24826060c9b4,8347206628578381721,pilot_v1
moledit_00232,mol_edit.delete_v2.0232,01eb916a36ec3d70c1374267058633f731e28cb9872c2f78cc01dbe439df1d68,delete,train,57434357deb1a8d4a832e2fafd03046821d15bdc61f7687c64be8b44015d73b8,9b8d54557de04c9fa03d73a301b50ac7d473e6ca05371cec13f826a569e06e4a,28cffe5059c801071797fe0441864c4b7ab950b16606c7fce586fbe73e80a3c2,8347206628578381721,pilot_v1
moledit_00232,mol_edit.substitute_v2.0232,ed88c10a6aed9e746faca015eef4e0eac06caa38bca3fad1dee15dfaf3452fca,substitute,train,b28846feae834c7623652741dcebd1bf67ef04c4f664a2537c51ab3ce79c24b5,3216462855781d6dc5b0de93abe3fe6c36a1b0a3d0b9d3c9f57555ab68e93ce3,81d4db3eead26da8ae0b82c89ab9fc671929a7901bfb2595ee36c43d5f6bf341,8347206628578381721,pilot_v1
moledit_00234,mol_edit.delete_v2.0234,b193ea8c90b9ff576f7cd3f1dcf2deae0ec183912323b77981dc01ab9701c644,delete,validation,8548fba22343a455f3bf8706550f101e0912e555d59aaf7bd8595bb00b8f4873,da5aa12ddde0e1fce2841fde5959e10569c5cb96fdcf1a89a1b0a246894ea450,0f53fc5a51781d592f816def0f16d09c1a18dd375fbf73bc719c872834016d13,8347206628578381721,pilot_v1
moledit_00235,mol_edit.add_v2.0235,492ed356d1b22005d41fc28dedae6d1dba65582ce7373a30ad86bd2a78f7d163,add,train,e0f7da52afb3e20afc870de61cdc9ac2e7d9e4737b155c63e106045fcb3f57c0,16996bd3c921314b4ac69d0455ba8a6025a1ce43576fa13c0b2c875cb4250d2a,84edddf323a6456e5b1e29ccb1009b39acfc62500fb9c642df30c8ebedaae93a,8347206628578381721,pilot_v1
moledit_00236,mol_edit.delete_v2.0236,d6c6b2306bf549394fdca20e5c78ff414f2025ab7a07ee6812f960b34b064c0f,delete,train,d3f93667772538f4857d41a0f865132c1b8c2452a05b4c23621448f29b493fa5,db24fd7e2aab1c5bdd3e9ba22b38e02d893d36e3b29bcf5705f2409f5d5a64d7,d3f93667772538f4857d41a0f865132c1b8c2452a05b4c23621448f29b493fa5,8347206628578381721,pilot_v1
moledit_00239,mol_edit.substitute_v2.0239,d569e104ad68ab03c941bf4291f78fa8e343eaa50eaa9958929da0a29acd2b71,substitute,validation,ba58b346d3eefeb6a343a18bb017fd3d56b73aac2511399092d4edabc0126280,342dc0c72c90c2c9a9fb4124b7e97fa57e7023439617dbabb3eeed96dd654cad,c5803c865358c3b4887c6f3cb59708e2805ae37989688e65e9658517b8cc53bf,8347206628578381721,pilot_v1
moledit_00243,mol_edit.substitute_v2.0243,ff13a260cfd1383b0820781c9ec2a0bc247c492b0e2c70ba8a44e962889643af,substitute,train,18d36c4fee79ddc4bae1609794ab3977012ebf7c229117a8fbf3e9f53ce27abe,1a67336d27437c65bfd20713e506de6094f3990bddf00b9b4492e357b140fdcd,0e3816653a48ecdffe79821d778739bc288f294d84942b8ccc88387180b232ec,8347206628578381721,pilot_v1
moledit_00248,mol_edit.substitute_v2.0248,0e9722759041975171bf14d7014d1d37599398019ea063a8938eda588ec870f5,substitute,test,8854fd3d8ef5764e47150806b0bcb5c922bdfaf8af422fd74a3f86849f09ab18,7a1ae6d222b2b4ee911070ecf1a1d0469b88cbc3d1cfd4dcc37ab312c424d5f4,2cc28de31fc1aee81b940bc119c0486abff7b0a184900930460bee5e5eaf7cf1,8347206628578381721,pilot_v1
moledit_00250,mol_edit.substitute_v2.0250,c1bfe4d0ba283856510d33e4889d98d03121258fea04ea0f44657ab96eeb2097,substitute,train,ab5db2f138cb466ee1d565b43ef46d5f2569fc5b290a9108eff1c793696cf707,45708a1c731f8980cb668d890507789a01c07e80d9b550692f1728ea0c1d8ffe,ab91bcf71a51d718b58b183d274650fd5f96cdbece5a3632f66e551dc1ca83ee,8347206628578381721,pilot_v1
moledit_00252,mol_edit.delete_v2.0252,45d6b7a59e9b0ca42638c8174774a485da79671598a68d6f232e026553e2a60c,delete,train,0722e5cb929552d1f17797c8fa462a05c67664a7a3233c69b30804343140055a,03fd2738086707c5b49791216e445d01dbf34e15a2bae7c6e8fe7fd6aa138d19,fe3641a2bdd8f621303ca4ac9f3aec1c68b56fb929cd8649047e485b4cded171,8347206628578381721,pilot_v1
moledit_00255,mol_edit.delete_v2.0255,a20201a77a092ee04d6dc0af178a7b2cc099a6c302cb0487e586d455b7ae21dd,delete,test,7b3f32d3a12dd0c96ebf7cc1045598989fc9a3d2a9efd854b54ebd0b97ebbebd,c2022f4d610734f6b2dc4c5b1b7995764a29d409052f2b2eeec0f2e9a506cc7f,21ef21759361fece71157a49cff124fa467d71c3833e1e31e6fe94f219e92fdd,8347206628578381721,pilot_v1
moledit_00256,mol_edit.substitute_v2.0256,c95c58e66b138c4f58ab765b8445e977e844dcc7cb5761dc525cf3ff2711cc98,substitute,train,09fa4dbd9f9403fffe3b91b4029bfa6adb183a7225a6cc379104323da1897782,90dc2e30eaba9411a9ed43efe2b0f996def5d8aaea8814f8bb21e43f348af322,2da623442f5a7956ff5fc29d31b5aac25b0568b51acde37dbea65e21add3a267,8347206628578381721,pilot_v1
moledit_00258,mol_edit.add_v2.0258,637aabf1d19063dc16ee325d9bd82ff9bc62901a8761a54e565ccd4865d826df,add,validation,1bf4d5ebf6e039360b247ab99acb480760e2c5a6076fa11056a3869a7338ff67,d22d7aa4b8ce3a9826d53a64010882fbd0757fcc7bf390039c609f8de4c139a9,669860f480623bcfc2a3205c9fbaef5f6b60a1b407ea420acd7c54566ea50adb,8347206628578381721,pilot_v1
moledit_00259,mol_edit.substitute_v2.0259,788db7fb9205beb97a4087bf5651d37153a4ad5cffeb71b37af564c78f904ab1,substitute,train,03a2a958a2f588ac09a90ea6c038f26473a7b18075e38d4cd9770ae808c345f5,62701c301e30101e24518c1502b9aaab2a5ca0ac4ffed4375dd079b7b3a604cc,da0a3584de7accabd8f59902a86098cefbe0b1be293df822f2760e15ed54195b,8347206628578381721,pilot_v1
moledit_00260,mol_edit.delete_v2.0260,9bccf7ae8db7e2db03cc5e4b9206553e36d55ec6f38f7ff6ff7fb797578d8151,delete,train,d1f327bdb34c36bb6c95549b74b02c37ca88cae5f97d9a56b564b01a6786433f,028277e003ae8b866d1bc64e4a4ffa3684a6272351a409df0d96037af42f084b,09006650967cc5458076c38ccc7e9708fa8ae0f7d6eb4c475d1e7793bb1bea34,8347206628578381721,pilot_v1
moledit_00270,mol_edit.substitute_v2.0270,0e9722759041975171bf14d7014d1d37599398019ea063a8938eda588ec870f5,substitute,test,8854fd3d8ef5764e47150806b0bcb5c922bdfaf8af422fd74a3f86849f09ab18,ea2fb11e015bcc92edf7b2746aecb0d156287a3959769710e447624068cd9800,2cc28de31fc1aee81b940bc119c0486abff7b0a184900930460bee5e5eaf7cf1,8347206628578381721,pilot_v1
moledit_00271,mol_edit.substitute_v2.0271,a2f0fcd13fa298555bd0685a7a8be004d02afc9cbc6a2d46bc663ba445669590,substitute,train,e539eb6d35c03e6e38e427f3ffaef6a302d27d9c1fbc732726c0d73eac147d8c,9cf776a22f9da76ca324be5735414cbd77ee89396810b42fccec17c6f1c6da38,fd5300184d3e6aaa33f8fb9bad4580df59576e4c6d07e18dcac4fa46a6130665,8347206628578381721,pilot_v1
moledit_00272,mol_edit.substitute_v2.0272,91fac76a537007092704bfcc4e6282292939b6be23599d29426ba7efd00943a8,substitute,test,3108b2aa761e010e2eb0399cbc65b9d15e294e91a6039496f12854cf50bdb8f7,472071381b3f2b1d6d3a4e349706cf72eb903780897a46c2fd7c7a429bc92154,013b73490efb1ce2ba088e8e1ad3982b8d9c3dcefb514293cc6536125c708ccb,8347206628578381721,pilot_v1
moledit_00273,mol_edit.delete_v2.0273,5e3bd743c7ef3b08fe786ba91b38dc760813c1731f1baa78ca4ce1201ad78a8f,delete,train,9f21adf5549c38be62bf12924c8ede57412bf01f3bb87d73f22f7e04f4b1b31b,033ca06dfa575bb9bef0f165e83e863c32fc9e7f73832c3a6c18a218437fe3ae,6163e686fd118000f6b623c34cdc781afaeb0a6addb72f61a78ac3095b50fdae,8347206628578381721,pilot_v1
moledit_00274,mol_edit.add_v2.0274,fb8a90ac689ecc8a9824909a23e3e5828db6aed922662623dfe0281e77ae6671,add,train,0c8d6358981eca6d8aeb5c0034b33721be537b40010750d9f804248f80f06106,a3b169f2b0758f05e961c12600e9a99426b317d4a4417fd960f1d6c88304189f,bce862faa0fb11e296c556b5fe8b6820d55ae1fd880de43a4d95956646d0b539,8347206628578381721,pilot_v1
moledit_00274,mol_edit.substitute_v2.0274,5eb5266887e3247cb0b7c9f863e93ad44402bfbc8d2296f42dfad8060cc376b8,substitute,train,42e4bbd2d7a7285d2550dd4b17babc7af58b3a5c9a40a717729597e1d4233074,54f0aec080be4ca0f717969bab65e49201ef43ee60fd8a9178d5a653eabee9a2,70dcf57b9570fbfc58c34104e338d5dcdbe02a797f04ebab6818976f2b56657d,8347206628578381721,pilot_v1
moledit_00275,mol_edit.delete_v2.0275,411e40e69222ca51ae197fd5b6559220d0c35b8cfffc9ea4e7a3465237f0f596,delete,train,3dd76b61afff74a960c58b5d10ffe0150283a356a13d3b9a85f3516872ad1441,66585460f1f474c6749c6d7c76e6ea5dab63c5377178a376f4294f07283b2dfc,f21114559a5dd9b91cf3bb764de8939d94f2332bdefd2f276bd3164b1360a885,8347206628578381721,pilot_v1
moledit_00276,mol_edit.substitute_v2.0276,adf7804a23b22476379edbaab071bedf3514fd8382b9e5cb244369a594fc71bd,substitute,train,97e1564d421b95f93479010e58cfc7e87709ffe839c1253d043a2294e88fb5fe,56a4aa1ac4c739d0c8905e9e507fc4fa686c39ac9b5e5e23c188ca180a70942c,e5b090fd4ae322ff4764b1e97b95d0fe4575e90a92ef59ebc4590de0beb0c09a,8347206628578381721,pilot_v1
moledit_00279,mol_edit.add_v2.0279,492ed356d1b22005d41fc28dedae6d1dba65582ce7373a30ad86bd2a78f7d163,add,train,e0f7da52afb3e20afc870de61cdc9ac2e7d9e4737b155c63e106045fcb3f57c0,4f0b6c046d53dff0dcc8b049e1fa94d0c29727683d43565780ffe86e81b1c732,84edddf323a6456e5b1e29ccb1009b39acfc62500fb9c642df30c8ebedaae93a,8347206628578381721,pilot_v1
moledit_00281,mol_edit.substitute_v2.0281,5f65d4aa2e0d63618312d906b459b2d82e470a3de50b04a66570073b32753960,substitute,train,80c56ada53d467844aa7d6ffb7ac66847991e153f5afacc35e3019aaa2680831,22e19aa509589a681f478c00088ff6b0f8ff42e66314c9326884fbcd51b11c19,09bd32a325e4172af5fd12bfea4d866e59fb0fed523a2a4115d594991452ffad,8347206628578381721,pilot_v1
moledit_00282,mol_edit.add_v2.0282,f3f8c727f6739f9cd78679032b6c50255a266cbd8b5383a1aa1567c63d94040e,add,train,fe4658e0659274859a66cee5a601baa51613f8d35e7e88a89441c9711020d147,e03ceb8ca51d89508ec64f8ae9352c5b563f501778c754a5a4d6bbf516b458f2,a42a48632ede934f3ef873c7bd76342e0e83bb762440715d396bac435d87c906,8347206628578381721,pilot_v1
moledit_00283,mol_edit.substitute_v2.0283,3461ba89889a12c264beec0151993155069ee75a137bafe4ef5c7593ca36aed3,substitute,train,5b7568f21aa0797b0db5d9015243e102e67616ec076e333fa91059b41ca47658,287008e9ffb9f0b986bba99c8f23b5801ad9dc45c0b7fa819514e842fbe33a2e,2c541b8743e317e8077051ff80db065e2fbcf6ea8c4b7d709f0fa3ac2f22c949,8347206628578381721,pilot_v1
moledit_00285,mol_edit.delete_v2.0285,0483b8fbaa76810194ef10cb8bd8afb724baf1dd7201b09939217f10d0bb6b65,delete,train,253c41ddb7ed5e63744185385a76dcdd7a171f24941fc81841dfea309dfdeb35,8b45de5d85c1daedae14edbc022e5ff7ff5cbb83ed4ed0d1c2e35dd59c8c7d75,9087d8ea670e9d642f6e5fec8fb19e4a8f01e1277e705028524124864f58266f,8347206628578381721,pilot_v1
moledit_00287,mol_edit.add_v2.0287,2f155cef58d7ee83fc65bfb5b4285181dd690ee350111ee5d3bbfe898129a141,add,validation,afc4dfde9c5f0b2a45165eecbbcc14658b5bc2fab8009e1b9410f8edd09f6972,1950db25beebbddacd82b726e988a8dbf0517582be266241b4b675c94c3d79c2,1a6a13d42d1ae8b52f7f841b44707e6ac0409bf00f4ae9fe7107b5f9d17e54ad,8347206628578381721,pilot_v1
moledit_00287,mol_edit.delete_v2.0287,ee388919e68f8c951927452727a3c20b812250d1d7e2b98dbcdf1c4fe82368ec,delete,validation,64fb0bc3ef2d77451e2c5de61886f388cc72ff4973aa81c8314cc3f295642db6,747117b1caa67f646da8b4f305d36274c1b0c0ddeea3584726e63cb10b4a8c06,64fb0bc3ef2d77451e2c5de61886f388cc72ff4973aa81c8314cc3f295642db6,8347206628578381721,pilot_v1
moledit_00290,mol_edit.delete_v2.0290,94153d1c604539aece6bdd942123c48c4a1054a2d0ce373148afeb5fee2f26fe,delete,train,e2781dd2f9674c516ff312d751d0c186ffb0b9c1f149b7f7a79bd7d216ab4aa8,0df247b86c6905059a6178be077541dd3dfd7d3c0267f3a0b925fc1367a776ab,0b4d494f9333b87e55e2c34d0a508a39eee61e20b9874216cbe2ecf9b9f789c9,8347206628578381721,pilot_v1
moledit_00290,mol_edit.substitute_v2.0290,fdd361aa4254bcd38b10c132a14f2dd58c372a3fc3575f3f913e8fc78c9e49ae,substitute,test,e7fd0c1dd74e35f4572071f37a323a6b16b28571305e2c96c203444d12e69567,8ec7d5df4700f0a6903c64f6f59196c0d60c28163055178d1cbeb1138f85afa6,c26b519614e4b2aae9acfd704c3fe1644fcdb16e482997f23dec70954d717f3d,8347206628578381721,pilot_v1
moledit_00295,mol_edit.add_v2.0295,cce22989ef1bfdcdcbc06b79271ac0e3f8b6706fe26941d11d9353339ce32236,add,train,ccd82f2ff47189f5a2da11713cf398c8704262ec140f456f18e17393782e2707,ae9930f57f17f7341117048188b2deea3250027e1fd7a41881115d8d89ab62fa,6fdbd7d387486e1d3bcb5e937779d23b4c0b6932afe06be38c75cfe5bf9a81ec,8347206628578381721,pilot_v1
moledit_00298,mol_edit.delete_v2.0298,49d0b291311e01a0177303de6e86d604d2853bc7f6fa2e7fad4d4f3d9e9f266a,delete,train,62bd38acdc55afd5c6fd5a0b1ac653e082e29c70a98f00c24c57ac4ca4108829,dc725374f0ce40f9b34f80953cd966c5e25b8cb6be9c1ae34c7f7125a883a467,1ffb37c86debc43636cefb70a2cdfa9cda21a7e6fe4ad44745bce5baae7afdbc,8347206628578381721,pilot_v1
moledit_00299,mol_edit.delete_v2.0299,3c985d96ff443c1ee37bbdbace35023d2bf934a4e881f67ea18feb422e7ba6bf,delete,train,69c066574727bd1cdc914718dc91bbc427e69b2f840a15bcd015bc752e0ae40d,d1a2fc0521a39b97c15708a56adbbbbbc29b7315b9205a9c926b795a43a079bd,fcad54b2c04c97405a9e60470fe783cb49bc8eb9be935023ab130a7ce6a512f7,8347206628578381721,pilot_v1
